grade strategy,selection,crossover,mutation,x,y,best,mean,std,all params
max,lexicase,heuristic,gaussian,-833.7983788,2808.075738,13271519.95,13132348.97,21890.89514,"Grade strategy: max, Selection: lexicase, Crossover: heuristic, Mutation: gaussian, Size population: 100, Probability mutation: 0.2, Probability crossover: 0.8, Number iteration: 150 "
max,lexicase,uniform,gaussian,-686.1327929,2938.65736,13147480.49,12973727.75,31350.51172,"Grade strategy: max, Selection: lexicase, Crossover: uniform, Mutation: gaussian, Size population: 100, Probability mutation: 0.2, Probability crossover: 0.8, Number iteration: 150 "
max,lexicase,arithmetic,gaussian,2802.841817,-763.6716029,12713905.26,12531813.79,31201.51927,"Grade strategy: max, Selection: lexicase, Crossover: arithmetic, Mutation: gaussian, Size population: 100, Probability mutation: 0.2, Probability crossover: 0.8, Number iteration: 150 "
max,lexicase,one_point,gaussian,-742.0721896,2760.497688,12276012.1,12125210.24,27614.6591,"Grade strategy: max, Selection: lexicase, Crossover: one_point, Mutation: gaussian, Size population: 100, Probability mutation: 0.2, Probability crossover: 0.8, Number iteration: 150 "
max,tournament,one_point,gaussian,-474.5733705,1114.641246,2529101.83,2427763.671,36838.39856,"Grade strategy: max, Selection: tournament, Crossover: one_point, Mutation: gaussian, Size population: 100, Probability mutation: 0.2, Probability crossover: 0.8, Number iteration: 150 "
max,tournament,uniform,gaussian,1106.130177,-473.1035759,2491137.292,2371497.957,41440.02258,"Grade strategy: max, Selection: tournament, Crossover: uniform, Mutation: gaussian, Size population: 100, Probability mutation: 0.2, Probability crossover: 0.8, Number iteration: 150 "
max,tournament,heuristic,gaussian,914.8246578,-415.6614585,1767783.258,1656630.468,31314.15221,"Grade strategy: max, Selection: tournament, Crossover: heuristic, Mutation: gaussian, Size population: 100, Probability mutation: 0.2, Probability crossover: 0.8, Number iteration: 150 "
max,tournament,arithmetic,gaussian,-199.0319619,868.0692648,1141174.871,1069803.592,20397.00079,"Grade strategy: max, Selection: tournament, Crossover: arithmetic, Mutation: gaussian, Size population: 100, Probability mutation: 0.2, Probability crossover: 0.8, Number iteration: 150 "
max,stochastic_universal_sampling,one_point,gaussian,700.0919578,-288.3472476,975241.862,770331.0178,83170.34952,"Grade strategy: max, Selection: stochastic_universal_sampling, Crossover: one_point, Mutation: gaussian, Size population: 100, Probability mutation: 0.2, Probability crossover: 0.8, Number iteration: 150 "
max,stochastic_universal_sampling,uniform,gaussian,-291.4380366,644.8757175,878734.7923,680768.6769,82073.36986,"Grade strategy: max, Selection: stochastic_universal_sampling, Crossover: uniform, Mutation: gaussian, Size population: 100, Probability mutation: 0.2, Probability crossover: 0.8, Number iteration: 150 "
max,stochastic_universal_sampling,heuristic,gaussian,672.0844841,-107.5943602,606622.148,507177.895,40527.11594,"Grade strategy: max, Selection: stochastic_universal_sampling, Crossover: heuristic, Mutation: gaussian, Size population: 100, Probability mutation: 0.2, Probability crossover: 0.8, Number iteration: 150 "
max,stochastic_universal_sampling,arithmetic,gaussian,-123.2238522,634.9990018,576675.5294,418539.4715,47782.5585,"Grade strategy: max, Selection: stochastic_universal_sampling, Crossover: arithmetic, Mutation: gaussian, Size population: 100, Probability mutation: 0.2, Probability crossover: 0.8, Number iteration: 150 "
max,roulette,heuristic,gaussian,-159.396176,597.6340664,574827.9676,508785.5182,33022.83774,"Grade strategy: max, Selection: roulette, Crossover: heuristic, Mutation: gaussian, Size population: 100, Probability mutation: 0.2, Probability crossover: 0.8, Number iteration: 150 "
max,roulette,one_point,gaussian,-155.5200127,563.299139,518342.9134,439240.0489,37366.62291,"Grade strategy: max, Selection: roulette, Crossover: one_point, Mutation: gaussian, Size population: 100, Probability mutation: 0.2, Probability crossover: 0.8, Number iteration: 150 "
max,best,one_point,gaussian,-154.6680188,562.9546897,516622.6205,117544.326,156524.3254,"Grade strategy: max, Selection: best, Crossover: one_point, Mutation: gaussian, Size population: 100, Probability mutation: 0.2, Probability crossover: 0.8, Number iteration: 150 "
max,roulette,uniform,gaussian,465.3970227,-246.9590199,506135.643,394246.5739,35912.66992,"Grade strategy: max, Selection: roulette, Crossover: uniform, Mutation: gaussian, Size population: 100, Probability mutation: 0.2, Probability crossover: 0.8, Number iteration: 150 "
max,worst,one_point,gaussian,478.778399,-178.213741,430475.1136,89615.99075,125062.1514,"Grade strategy: max, Selection: worst, Crossover: one_point, Mutation: gaussian, Size population: 100, Probability mutation: 0.2, Probability crossover: 0.8, Number iteration: 150 "
max,worst,uniform,gaussian,480.2899426,-162.128175,411575.5241,86701.35317,117108.657,"Grade strategy: max, Selection: worst, Crossover: uniform, Mutation: gaussian, Size population: 100, Probability mutation: 0.2, Probability crossover: 0.8, Number iteration: 150 "
max,best,uniform,gaussian,484.0323927,-134.4547724,381464.4295,74526.4528,102050.9384,"Grade strategy: max, Selection: best, Crossover: uniform, Mutation: gaussian, Size population: 100, Probability mutation: 0.2, Probability crossover: 0.8, Number iteration: 150 "
max,best,heuristic,gaussian,-123.1139057,408.3716144,283684.0449,69005.6412,88684.00877,"Grade strategy: max, Selection: best, Crossover: heuristic, Mutation: gaussian, Size population: 100, Probability mutation: 0.2, Probability crossover: 0.8, Number iteration: 150 "
max,best,arithmetic,gaussian,396.3555331,-75.96618195,222304.3007,43198.39383,63598.33111,"Grade strategy: max, Selection: best, Crossover: arithmetic, Mutation: gaussian, Size population: 100, Probability mutation: 0.2, Probability crossover: 0.8, Number iteration: 150 "
max,random,heuristic,gaussian,-17.39109613,441.5992721,211803.1499,60761.33259,51737.21478,"Grade strategy: max, Selection: random, Crossover: heuristic, Mutation: gaussian, Size population: 100, Probability mutation: 0.2, Probability crossover: 0.8, Number iteration: 150 "
max,worst,heuristic,gaussian,400.1079649,-45.12098929,197516.8703,43417.00729,58977.10326,"Grade strategy: max, Selection: worst, Crossover: heuristic, Mutation: gaussian, Size population: 100, Probability mutation: 0.2, Probability crossover: 0.8, Number iteration: 150 "
max,worst,arithmetic,gaussian,-27.5884846,387.3928569,173221.3744,41938.45025,56481.39531,"Grade strategy: max, Selection: worst, Crossover: arithmetic, Mutation: gaussian, Size population: 100, Probability mutation: 0.2, Probability crossover: 0.8, Number iteration: 150 "
max,random,one_point,gaussian,-31.57084159,341.411575,140018.6918,39993.90704,31661.26958,"Grade strategy: max, Selection: random, Crossover: one_point, Mutation: gaussian, Size population: 100, Probability mutation: 0.2, Probability crossover: 0.8, Number iteration: 150 "
max,random,uniform,gaussian,-39.8236462,332.6999462,139665.6618,33650.91616,29455.77525,"Grade strategy: max, Selection: random, Crossover: uniform, Mutation: gaussian, Size population: 100, Probability mutation: 0.2, Probability crossover: 0.8, Number iteration: 150 "
max,roulette,arithmetic,gaussian,305.5122098,-46.81541982,123561.3366,96301.51756,6568.804478,"Grade strategy: max, Selection: roulette, Crossover: arithmetic, Mutation: gaussian, Size population: 100, Probability mutation: 0.2, Probability crossover: 0.8, Number iteration: 150 "
max,random,arithmetic,gaussian,8.073960531,147.8785151,19902.99564,5005.296644,1574.925893,"Grade strategy: max, Selection: random, Crossover: arithmetic, Mutation: gaussian, Size population: 100, Probability mutation: 0.2, Probability crossover: 0.8, Number iteration: 150 "
max,worst,one_point,shuffle_indexes,-2.983931349,3.980512355,64.77027281,30.73413746,25.11698412,"Grade strategy: max, Selection: worst, Crossover: one_point, Mutation: shuffle_indexes, Size population: 100, Probability mutation: 0.2, Probability crossover: 0.8, Number iteration: 150 "
max,stochastic_universal_sampling,one_point,shuffle_indexes,-2.960173819,3.987631014,64.53731739,58.59144002,12.13435484,"Grade strategy: max, Selection: stochastic_universal_sampling, Crossover: one_point, Mutation: shuffle_indexes, Size population: 100, Probability mutation: 0.2, Probability crossover: 0.8, Number iteration: 150 "
max,worst,uniform,shuffle_indexes,-2.964854783,3.978572545,64.45369991,32.18031845,25.5005336,"Grade strategy: max, Selection: worst, Crossover: uniform, Mutation: shuffle_indexes, Size population: 100, Probability mutation: 0.2, Probability crossover: 0.8, Number iteration: 150 "
max,best,uniform,shuffle_indexes,-2.952036903,3.985118327,64.37385516,30.03317065,24.77276955,"Grade strategy: max, Selection: best, Crossover: uniform, Mutation: shuffle_indexes, Size population: 100, Probability mutation: 0.2, Probability crossover: 0.8, Number iteration: 150 "
max,roulette,uniform,shuffle_indexes,-2.937264485,3.966904905,63.84782777,58.06839,14.51352023,"Grade strategy: max, Selection: roulette, Crossover: uniform, Mutation: shuffle_indexes, Size population: 100, Probability mutation: 0.2, Probability crossover: 0.8, Number iteration: 150 "
max,best,one_point,shuffle_indexes,-2.891003861,3.999507212,63.70944885,32.3546639,25.79230033,"Grade strategy: max, Selection: best, Crossover: one_point, Mutation: shuffle_indexes, Size population: 100, Probability mutation: 0.2, Probability crossover: 0.8, Number iteration: 150 "
max,stochastic_universal_sampling,uniform,shuffle_indexes,-2.991880968,3.908634583,63.67015349,59.25382353,10.11908315,"Grade strategy: max, Selection: stochastic_universal_sampling, Crossover: uniform, Mutation: shuffle_indexes, Size population: 100, Probability mutation: 0.2, Probability crossover: 0.8, Number iteration: 150 "
max,random,one_point,shuffle_indexes,-2.87748449,3.994138852,63.41941899,27.70260655,27.5772645,"Grade strategy: max, Selection: random, Crossover: one_point, Mutation: shuffle_indexes, Size population: 100, Probability mutation: 0.2, Probability crossover: 0.8, Number iteration: 150 "
max,roulette,one_point,shuffle_indexes,-2.896861411,3.964114941,63.20445452,53.80398565,19.85330462,"Grade strategy: max, Selection: roulette, Crossover: one_point, Mutation: shuffle_indexes, Size population: 100, Probability mutation: 0.2, Probability crossover: 0.8, Number iteration: 150 "
max,random,uniform,shuffle_indexes,-2.993880797,3.76768714,61.32770281,21.50316408,20.94506665,"Grade strategy: max, Selection: random, Crossover: uniform, Mutation: shuffle_indexes, Size population: 100, Probability mutation: 0.2, Probability crossover: 0.8, Number iteration: 150 "
max,tournament,one_point,shuffle_indexes,-2.884784972,3.828945878,60.78372925,57.56113844,8.726817163,"Grade strategy: max, Selection: tournament, Crossover: one_point, Mutation: shuffle_indexes, Size population: 100, Probability mutation: 0.2, Probability crossover: 0.8, Number iteration: 150 "
max,worst,heuristic,shuffle_indexes,-2.909134273,3.799170497,60.64007508,31.96783213,22.89029869,"Grade strategy: max, Selection: worst, Crossover: heuristic, Mutation: shuffle_indexes, Size population: 100, Probability mutation: 0.2, Probability crossover: 0.8, Number iteration: 150 "
max,best,arithmetic,shuffle_indexes,-2.797037161,3.881221257,60.38166655,8.996645584,15.76326286,"Grade strategy: max, Selection: best, Crossover: arithmetic, Mutation: shuffle_indexes, Size population: 100, Probability mutation: 0.2, Probability crossover: 0.8, Number iteration: 150 "
max,tournament,uniform,shuffle_indexes,-2.846295424,3.818206574,60.05651102,57.28407819,8.137638033,"Grade strategy: max, Selection: tournament, Crossover: uniform, Mutation: shuffle_indexes, Size population: 100, Probability mutation: 0.2, Probability crossover: 0.8, Number iteration: 150 "
max,roulette,arithmetic,shuffle_indexes,-2.938332435,3.729487035,59.90219819,41.17561099,14.03833484,"Grade strategy: max, Selection: roulette, Crossover: arithmetic, Mutation: shuffle_indexes, Size population: 100, Probability mutation: 0.2, Probability crossover: 0.8, Number iteration: 150 "
max,lexicase,one_point,shuffle_indexes,-2.871785482,3.76096237,59.47998163,55.97789076,8.980495657,"Grade strategy: max, Selection: lexicase, Crossover: one_point, Mutation: shuffle_indexes, Size population: 100, Probability mutation: 0.2, Probability crossover: 0.8, Number iteration: 150 "
max,stochastic_universal_sampling,heuristic,shuffle_indexes,-2.666446596,3.78851838,57.03853984,52.39096506,9.919666246,"Grade strategy: max, Selection: stochastic_universal_sampling, Crossover: heuristic, Mutation: shuffle_indexes, Size population: 100, Probability mutation: 0.2, Probability crossover: 0.8, Number iteration: 150 "
max,tournament,arithmetic,shuffle_indexes,-2.643547811,3.732514444,55.83692622,54.00062029,6.592540044,"Grade strategy: max, Selection: tournament, Crossover: arithmetic, Mutation: shuffle_indexes, Size population: 100, Probability mutation: 0.2, Probability crossover: 0.8, Number iteration: 150 "
max,worst,arithmetic,shuffle_indexes,-2.647545452,3.725689056,55.78474024,16.28566983,19.98981171,"Grade strategy: max, Selection: worst, Crossover: arithmetic, Mutation: shuffle_indexes, Size population: 100, Probability mutation: 0.2, Probability crossover: 0.8, Number iteration: 150 "
max,random,heuristic,shuffle_indexes,-2.323080178,3.918559073,54.23877389,22.2868324,22.21021041,"Grade strategy: max, Selection: random, Crossover: heuristic, Mutation: shuffle_indexes, Size population: 100, Probability mutation: 0.2, Probability crossover: 0.8, Number iteration: 150 "
max,stochastic_universal_sampling,arithmetic,shuffle_indexes,-2.627605428,3.514458681,52.22759367,47.60876146,9.599116791,"Grade strategy: max, Selection: stochastic_universal_sampling, Crossover: arithmetic, Mutation: shuffle_indexes, Size population: 100, Probability mutation: 0.2, Probability crossover: 0.8, Number iteration: 150 "
max,roulette,heuristic,shuffle_indexes,-2.981824803,3.194545547,51.81777186,46.87667558,9.882192559,"Grade strategy: max, Selection: roulette, Crossover: heuristic, Mutation: shuffle_indexes, Size population: 100, Probability mutation: 0.2, Probability crossover: 0.8, Number iteration: 150 "
max,tournament,heuristic,shuffle_indexes,-2.91251201,3.107614115,49.57358857,46.68392803,7.825237735,"Grade strategy: max, Selection: tournament, Crossover: heuristic, Mutation: shuffle_indexes, Size population: 100, Probability mutation: 0.2, Probability crossover: 0.8, Number iteration: 150 "
max,best,heuristic,shuffle_indexes,-2.881778473,2.932440179,46.50954673,24.98093258,17.16868861,"Grade strategy: max, Selection: best, Crossover: heuristic, Mutation: shuffle_indexes, Size population: 100, Probability mutation: 0.2, Probability crossover: 0.8, Number iteration: 150 "
max,stochastic_universal_sampling,one_point,flip_bit,-1.417866893,3.910669194,41.90099314,35.49711984,12.48291778,"Grade strategy: max, Selection: stochastic_universal_sampling, Crossover: one_point, Mutation: flip_bit, Size population: 100, Probability mutation: 0.2, Probability crossover: 0.8, Number iteration: 150 "
max,worst,one_point,flip_bit,-1.467603951,3.858208344,41.89356492,4.365728585,7.956691541,"Grade strategy: max, Selection: worst, Crossover: one_point, Mutation: flip_bit, Size population: 100, Probability mutation: 0.2, Probability crossover: 0.8, Number iteration: 150 "
max,best,one_point,flip_bit,-1.415083496,3.905843166,41.80534301,4.494965774,7.812123302,"Grade strategy: max, Selection: best, Crossover: one_point, Mutation: flip_bit, Size population: 100, Probability mutation: 0.2, Probability crossover: 0.8, Number iteration: 150 "
max,lexicase,arithmetic,shuffle_indexes,-1.351772327,3.931935308,41.30746009,39.61667364,5.733735794,"Grade strategy: max, Selection: lexicase, Crossover: arithmetic, Mutation: shuffle_indexes, Size population: 100, Probability mutation: 0.2, Probability crossover: 0.8, Number iteration: 150 "
max,worst,uniform,flip_bit,-1.380001206,3.888246178,41.13689422,4.104386017,7.61426857,"Grade strategy: max, Selection: worst, Crossover: uniform, Mutation: flip_bit, Size population: 100, Probability mutation: 0.2, Probability crossover: 0.8, Number iteration: 150 "
max,tournament,one_point,flip_bit,-1.331936896,3.884517006,40.47612941,28.78836671,13.46367722,"Grade strategy: max, Selection: tournament, Crossover: one_point, Mutation: flip_bit, Size population: 100, Probability mutation: 0.2, Probability crossover: 0.8, Number iteration: 150 "
max,random,uniform,flip_bit,-1.232592141,3.954545189,40.04907622,3.001919252,4.010001332,"Grade strategy: max, Selection: random, Crossover: uniform, Mutation: flip_bit, Size population: 100, Probability mutation: 0.2, Probability crossover: 0.8, Number iteration: 150 "
max,stochastic_universal_sampling,arithmetic,flip_bit,-1.348812488,3.819036021,39.89952554,32.54014488,13.26373192,"Grade strategy: max, Selection: stochastic_universal_sampling, Crossover: arithmetic, Mutation: flip_bit, Size population: 100, Probability mutation: 0.2, Probability crossover: 0.8, Number iteration: 150 "
max,worst,arithmetic,flip_bit,-1.465349818,3.675515682,39.61778413,3.753208188,6.789815352,"Grade strategy: max, Selection: worst, Crossover: arithmetic, Mutation: flip_bit, Size population: 100, Probability mutation: 0.2, Probability crossover: 0.8, Number iteration: 150 "
max,stochastic_universal_sampling,uniform,flip_bit,-1.400711514,3.722102771,39.38083361,32.96524755,12.63866844,"Grade strategy: max, Selection: stochastic_universal_sampling, Crossover: uniform, Mutation: flip_bit, Size population: 100, Probability mutation: 0.2, Probability crossover: 0.8, Number iteration: 150 "
max,tournament,uniform,flip_bit,-1.161973915,3.945421991,39.04254594,35.57896491,10.1257848,"Grade strategy: max, Selection: tournament, Crossover: uniform, Mutation: flip_bit, Size population: 100, Probability mutation: 0.2, Probability crossover: 0.8, Number iteration: 150 "
max,random,arithmetic,shuffle_indexes,-1.902504758,3.17392011,38.51416608,3.566979221,2.89759026,"Grade strategy: max, Selection: random, Crossover: arithmetic, Mutation: shuffle_indexes, Size population: 100, Probability mutation: 0.2, Probability crossover: 0.8, Number iteration: 150 "
max,roulette,arithmetic,flip_bit,-1.488614205,3.558028568,38.47484028,25.28665624,7.646636482,"Grade strategy: max, Selection: roulette, Crossover: arithmetic, Mutation: flip_bit, Size population: 100, Probability mutation: 0.2, Probability crossover: 0.8, Number iteration: 150 "
max,roulette,one_point,flip_bit,-1.105554664,3.902429181,37.83223855,32.23207929,11.53474956,"Grade strategy: max, Selection: roulette, Crossover: one_point, Mutation: flip_bit, Size population: 100, Probability mutation: 0.2, Probability crossover: 0.8, Number iteration: 150 "
max,roulette,uniform,flip_bit,-1.319872126,3.637381407,37.38154979,32.13394363,11.3201933,"Grade strategy: max, Selection: roulette, Crossover: uniform, Mutation: flip_bit, Size population: 100, Probability mutation: 0.2, Probability crossover: 0.8, Number iteration: 150 "
max,random,one_point,flip_bit,-1.395365798,3.548298703,37.238904,3.273940033,3.171004381,"Grade strategy: max, Selection: random, Crossover: one_point, Mutation: flip_bit, Size population: 100, Probability mutation: 0.2, Probability crossover: 0.8, Number iteration: 150 "
max,roulette,heuristic,flip_bit,-1.310393065,3.561849199,36.38611494,31.47177064,10.6573948,"Grade strategy: max, Selection: roulette, Crossover: heuristic, Mutation: flip_bit, Size population: 100, Probability mutation: 0.2, Probability crossover: 0.8, Number iteration: 150 "
max,lexicase,heuristic,shuffle_indexes,-1.263605985,3.599685894,36.26741756,34.8667895,5.028408629,"Grade strategy: max, Selection: lexicase, Crossover: heuristic, Mutation: shuffle_indexes, Size population: 100, Probability mutation: 0.2, Probability crossover: 0.8, Number iteration: 150 "
max,best,uniform,flip_bit,3.930473877,-2.944403647,35.84108433,3.808753963,6.110665986,"Grade strategy: max, Selection: best, Crossover: uniform, Mutation: flip_bit, Size population: 100, Probability mutation: 0.2, Probability crossover: 0.8, Number iteration: 150 "
max,random,heuristic,flip_bit,-1.034082627,3.803597221,35.82681538,3.62525257,5.624466512,"Grade strategy: max, Selection: random, Crossover: heuristic, Mutation: flip_bit, Size population: 100, Probability mutation: 0.2, Probability crossover: 0.8, Number iteration: 150 "
max,random,arithmetic,flip_bit,-0.922703132,3.919467145,35.77365841,1.791474995,3.238082539,"Grade strategy: max, Selection: random, Crossover: arithmetic, Mutation: flip_bit, Size population: 100, Probability mutation: 0.2, Probability crossover: 0.8, Number iteration: 150 "
max,stochastic_universal_sampling,heuristic,flip_bit,-1.316327091,3.45464093,35.21646682,31.00882822,9.678877256,"Grade strategy: max, Selection: stochastic_universal_sampling, Crossover: heuristic, Mutation: flip_bit, Size population: 100, Probability mutation: 0.2, Probability crossover: 0.8, Number iteration: 150 "
max,lexicase,arithmetic,flip_bit,-1.300306964,3.353182073,33.87440892,30.17477261,9.749175202,"Grade strategy: max, Selection: lexicase, Crossover: arithmetic, Mutation: flip_bit, Size population: 100, Probability mutation: 0.2, Probability crossover: 0.8, Number iteration: 150 "
max,tournament,arithmetic,flip_bit,-0.693819029,3.974346858,33.62987982,29.03062627,10.69896458,"Grade strategy: max, Selection: tournament, Crossover: arithmetic, Mutation: flip_bit, Size population: 100, Probability mutation: 0.2, Probability crossover: 0.8, Number iteration: 150 "
max,worst,heuristic,flip_bit,-0.707848053,3.87117398,32.68541825,4.115644387,6.275428745,"Grade strategy: max, Selection: worst, Crossover: heuristic, Mutation: flip_bit, Size population: 100, Probability mutation: 0.2, Probability crossover: 0.8, Number iteration: 150 "
max,lexicase,uniform,shuffle_indexes,-0.830444339,3.723083581,32.53438175,30.85868347,5.264350939,"Grade strategy: max, Selection: lexicase, Crossover: uniform, Mutation: shuffle_indexes, Size population: 100, Probability mutation: 0.2, Probability crossover: 0.8, Number iteration: 150 "
max,lexicase,one_point,flip_bit,-0.72914573,3.749194686,31.64348285,28.30411767,8.948420707,"Grade strategy: max, Selection: lexicase, Crossover: one_point, Mutation: flip_bit, Size population: 100, Probability mutation: 0.2, Probability crossover: 0.8, Number iteration: 150 "
max,lexicase,uniform,flip_bit,3.755675757,-2.727936069,31.44000165,26.86367704,10.43768301,"Grade strategy: max, Selection: lexicase, Crossover: uniform, Mutation: flip_bit, Size population: 100, Probability mutation: 0.2, Probability crossover: 0.8, Number iteration: 150 "
max,best,arithmetic,flip_bit,-1.189269996,3.167240007,30.59942817,3.205095257,4.337471404,"Grade strategy: max, Selection: best, Crossover: arithmetic, Mutation: flip_bit, Size population: 100, Probability mutation: 0.2, Probability crossover: 0.8, Number iteration: 150 "
max,best,heuristic,flip_bit,-1.227606915,3.085195361,30.11381849,3.487880587,4.604549957,"Grade strategy: max, Selection: best, Crossover: heuristic, Mutation: flip_bit, Size population: 100, Probability mutation: 0.2, Probability crossover: 0.8, Number iteration: 150 "
max,lexicase,heuristic,flip_bit,-0.742336356,3.580646759,30.05195871,25.56987156,9.946078344,"Grade strategy: max, Selection: lexicase, Crossover: heuristic, Mutation: flip_bit, Size population: 100, Probability mutation: 0.2, Probability crossover: 0.8, Number iteration: 150 "
max,tournament,heuristic,flip_bit,3.721820116,-2.214685123,26.12062578,21.62886676,9.467727201,"Grade strategy: max, Selection: tournament, Crossover: heuristic, Mutation: flip_bit, Size population: 100, Probability mutation: 0.2, Probability crossover: 0.8, Number iteration: 150 "
min,lexicase,one_point,shuffle_indexes,-0.155387984,-1.048019972,-1.523444659,-1.123545528,1.126024738,"Grade strategy: min, Selection: lexicase, Crossover: one_point, Mutation: shuffle_indexes, Size population: 100, Probability mutation: 0.2, Probability crossover: 0.8, Number iteration: 150 "
min,stochastic_universal_sampling,one_point,flip_bit,-0.666280591,-2.108272092,-1.55077399,27.43402133,10.34033741,"Grade strategy: min, Selection: stochastic_universal_sampling, Crossover: one_point, Mutation: flip_bit, Size population: 100, Probability mutation: 0.2, Probability crossover: 0.8, Number iteration: 150 "
min,stochastic_universal_sampling,uniform,shuffle_indexes,-0.055766981,-1.462297684,-1.592375129,55.98702341,12.67433767,"Grade strategy: min, Selection: stochastic_universal_sampling, Crossover: uniform, Mutation: shuffle_indexes, Size population: 100, Probability mutation: 0.2, Probability crossover: 0.8, Number iteration: 150 "
min,lexicase,uniform,flip_bit,-0.82855248,-2.0563192,-1.644468518,-1.364643906,0.857306707,"Grade strategy: min, Selection: lexicase, Crossover: uniform, Mutation: flip_bit, Size population: 100, Probability mutation: 0.2, Probability crossover: 0.8, Number iteration: 150 "
min,lexicase,heuristic,flip_bit,-0.441903592,-1.926049357,-1.648322957,-1.337216989,0.848985526,"Grade strategy: min, Selection: lexicase, Crossover: heuristic, Mutation: flip_bit, Size population: 100, Probability mutation: 0.2, Probability crossover: 0.8, Number iteration: 150 "
min,random,uniform,flip_bit,-0.594122918,-1.993302422,-1.660603811,2.647991242,1.831205313,"Grade strategy: min, Selection: random, Crossover: uniform, Mutation: flip_bit, Size population: 100, Probability mutation: 0.2, Probability crossover: 0.8, Number iteration: 150 "
min,roulette,arithmetic,gaussian,-0.271902826,-1.130129371,-1.666709488,60279.93787,5131.987739,"Grade strategy: min, Selection: roulette, Crossover: arithmetic, Mutation: gaussian, Size population: 100, Probability mutation: 0.2, Probability crossover: 0.8, Number iteration: 150 "
min,lexicase,uniform,shuffle_indexes,-0.690846225,-1.221210965,-1.677804752,-1.482630528,0.613156692,"Grade strategy: min, Selection: lexicase, Crossover: uniform, Mutation: shuffle_indexes, Size population: 100, Probability mutation: 0.2, Probability crossover: 0.8, Number iteration: 150 "
min,tournament,heuristic,shuffle_indexes,-0.14242406,-1.514741883,-1.686234873,-1.137307744,1.646781387,"Grade strategy: min, Selection: tournament, Crossover: heuristic, Mutation: shuffle_indexes, Size population: 100, Probability mutation: 0.2, Probability crossover: 0.8, Number iteration: 150 "
min,worst,heuristic,flip_bit,-0.973056141,-1.884673083,-1.701119594,2.438820166,1.838260387,"Grade strategy: min, Selection: worst, Crossover: heuristic, Mutation: flip_bit, Size population: 100, Probability mutation: 0.2, Probability crossover: 0.8, Number iteration: 150 "
min,random,heuristic,shuffle_indexes,-0.178989065,-1.266925993,-1.707437089,5.264974719,4.533465358,"Grade strategy: min, Selection: random, Crossover: heuristic, Mutation: shuffle_indexes, Size population: 100, Probability mutation: 0.2, Probability crossover: 0.8, Number iteration: 150 "
min,stochastic_universal_sampling,one_point,shuffle_indexes,-0.980465292,-1.804615869,-1.710624774,54.36765209,12.12795457,"Grade strategy: min, Selection: stochastic_universal_sampling, Crossover: one_point, Mutation: shuffle_indexes, Size population: 100, Probability mutation: 0.2, Probability crossover: 0.8, Number iteration: 150 "
min,roulette,uniform,flip_bit,-0.76421907,-1.964400001,-1.725571827,31.88304255,13.09825918,"Grade strategy: min, Selection: roulette, Crossover: uniform, Mutation: flip_bit, Size population: 100, Probability mutation: 0.2, Probability crossover: 0.8, Number iteration: 150 "
min,tournament,one_point,flip_bit,-0.604092484,-1.898916699,-1.760641924,-1.531747601,0.781659981,"Grade strategy: min, Selection: tournament, Crossover: one_point, Mutation: flip_bit, Size population: 100, Probability mutation: 0.2, Probability crossover: 0.8, Number iteration: 150 "
min,tournament,heuristic,flip_bit,-0.904824992,-1.66553071,-1.768589124,-1.491903188,0.921295958,"Grade strategy: min, Selection: tournament, Crossover: heuristic, Mutation: flip_bit, Size population: 100, Probability mutation: 0.2, Probability crossover: 0.8, Number iteration: 150 "
min,lexicase,arithmetic,flip_bit,-0.89835179,-1.71024291,-1.77703012,-1.459346999,0.992565549,"Grade strategy: min, Selection: lexicase, Crossover: arithmetic, Mutation: flip_bit, Size population: 100, Probability mutation: 0.2, Probability crossover: 0.8, Number iteration: 150 "
min,roulette,heuristic,gaussian,-0.889997657,-1.658478515,-1.779584901,201769.1508,28780.26144,"Grade strategy: min, Selection: roulette, Crossover: heuristic, Mutation: gaussian, Size population: 100, Probability mutation: 0.2, Probability crossover: 0.8, Number iteration: 150 "
min,random,one_point,flip_bit,-0.260218706,-1.559072934,-1.789615561,2.407027413,1.939203724,"Grade strategy: min, Selection: random, Crossover: one_point, Mutation: flip_bit, Size population: 100, Probability mutation: 0.2, Probability crossover: 0.8, Number iteration: 150 "
min,stochastic_universal_sampling,arithmetic,flip_bit,-0.237688105,-1.435370462,-1.792226741,33.02269212,11.5509187,"Grade strategy: min, Selection: stochastic_universal_sampling, Crossover: arithmetic, Mutation: flip_bit, Size population: 100, Probability mutation: 0.2, Probability crossover: 0.8, Number iteration: 150 "
min,lexicase,arithmetic,shuffle_indexes,-0.542749561,-1.268112293,-1.801327695,-1.546000013,0.821966249,"Grade strategy: min, Selection: lexicase, Crossover: arithmetic, Mutation: shuffle_indexes, Size population: 100, Probability mutation: 0.2, Probability crossover: 0.8, Number iteration: 150 "
min,stochastic_universal_sampling,heuristic,gaussian,-0.682664873,-1.851203144,-1.809529842,270163.9671,34853.68382,"Grade strategy: min, Selection: stochastic_universal_sampling, Crossover: heuristic, Mutation: gaussian, Size population: 100, Probability mutation: 0.2, Probability crossover: 0.8, Number iteration: 150 "
min,stochastic_universal_sampling,uniform,flip_bit,-0.328474888,-1.309690114,-1.816461222,36.71697287,11.18474594,"Grade strategy: min, Selection: stochastic_universal_sampling, Crossover: uniform, Mutation: flip_bit, Size population: 100, Probability mutation: 0.2, Probability crossover: 0.8, Number iteration: 150 "
min,roulette,uniform,gaussian,-0.710761572,-1.400555941,-1.816871828,374140.5894,41465.16485,"Grade strategy: min, Selection: roulette, Crossover: uniform, Mutation: gaussian, Size population: 100, Probability mutation: 0.2, Probability crossover: 0.8, Number iteration: 150 "
min,stochastic_universal_sampling,heuristic,flip_bit,-0.720115976,-1.415005599,-1.819418126,28.11395232,9.67961907,"Grade strategy: min, Selection: stochastic_universal_sampling, Crossover: heuristic, Mutation: flip_bit, Size population: 100, Probability mutation: 0.2, Probability crossover: 0.8, Number iteration: 150 "
min,lexicase,heuristic,shuffle_indexes,-0.453721549,-1.74755277,-1.822046182,-1.304513694,1.552597466,"Grade strategy: min, Selection: lexicase, Crossover: heuristic, Mutation: shuffle_indexes, Size population: 100, Probability mutation: 0.2, Probability crossover: 0.8, Number iteration: 150 "
min,stochastic_universal_sampling,arithmetic,gaussian,-0.339995108,-1.629570557,-1.822468431,309865.1836,36088.13801,"Grade strategy: min, Selection: stochastic_universal_sampling, Crossover: arithmetic, Mutation: gaussian, Size population: 100, Probability mutation: 0.2, Probability crossover: 0.8, Number iteration: 150 "
min,random,arithmetic,shuffle_indexes,-0.36535568,-1.360080854,-1.850757455,0.115554355,0.291405934,"Grade strategy: min, Selection: random, Crossover: arithmetic, Mutation: shuffle_indexes, Size population: 100, Probability mutation: 0.2, Probability crossover: 0.8, Number iteration: 150 "
min,roulette,heuristic,shuffle_indexes,-0.592185706,-1.766459757,-1.854322846,55.1712251,11.99593081,"Grade strategy: min, Selection: roulette, Crossover: heuristic, Mutation: shuffle_indexes, Size population: 100, Probability mutation: 0.2, Probability crossover: 0.8, Number iteration: 150 "
min,roulette,one_point,shuffle_indexes,-0.671409315,-1.433456231,-1.856553909,56.48833178,15.81222918,"Grade strategy: min, Selection: roulette, Crossover: one_point, Mutation: shuffle_indexes, Size population: 100, Probability mutation: 0.2, Probability crossover: 0.8, Number iteration: 150 "
min,tournament,uniform,shuffle_indexes,-0.619200991,-1.764036045,-1.858369932,-1.444327317,1.299736644,"Grade strategy: min, Selection: tournament, Crossover: uniform, Mutation: shuffle_indexes, Size population: 100, Probability mutation: 0.2, Probability crossover: 0.8, Number iteration: 150 "
min,lexicase,one_point,flip_bit,-0.387101848,-1.41825174,-1.874323813,-1.517165087,0.952664925,"Grade strategy: min, Selection: lexicase, Crossover: one_point, Mutation: flip_bit, Size population: 100, Probability mutation: 0.2, Probability crossover: 0.8, Number iteration: 150 "
min,roulette,arithmetic,shuffle_indexes,-0.663041144,-1.468028717,-1.874614866,20.97767046,5.855493335,"Grade strategy: min, Selection: roulette, Crossover: arithmetic, Mutation: shuffle_indexes, Size population: 100, Probability mutation: 0.2, Probability crossover: 0.8, Number iteration: 150 "
min,best,heuristic,shuffle_indexes,-0.422431396,-1.39319467,-1.877136855,3.415530279,7.758846873,"Grade strategy: min, Selection: best, Crossover: heuristic, Mutation: shuffle_indexes, Size population: 100, Probability mutation: 0.2, Probability crossover: 0.8, Number iteration: 150 "
min,roulette,arithmetic,flip_bit,-0.552475511,-1.394748499,-1.878717948,17.16147186,5.584475623,"Grade strategy: min, Selection: roulette, Crossover: arithmetic, Mutation: flip_bit, Size population: 100, Probability mutation: 0.2, Probability crossover: 0.8, Number iteration: 150 "
min,roulette,one_point,flip_bit,-0.512940819,-1.679096052,-1.881567905,31.74546506,12.05135658,"Grade strategy: min, Selection: roulette, Crossover: one_point, Mutation: flip_bit, Size population: 100, Probability mutation: 0.2, Probability crossover: 0.8, Number iteration: 150 "
min,tournament,uniform,flip_bit,-0.657960002,-1.687066892,-1.886625443,-1.482383669,1.040262908,"Grade strategy: min, Selection: tournament, Crossover: uniform, Mutation: flip_bit, Size population: 100, Probability mutation: 0.2, Probability crossover: 0.8, Number iteration: 150 "
min,best,heuristic,flip_bit,-0.412215067,-1.455906284,-1.888275333,2.341739612,1.991790132,"Grade strategy: min, Selection: best, Crossover: heuristic, Mutation: flip_bit, Size population: 100, Probability mutation: 0.2, Probability crossover: 0.8, Number iteration: 150 "
min,roulette,uniform,shuffle_indexes,-0.691265479,-1.590758223,-1.888471403,44.58510084,13.38549743,"Grade strategy: min, Selection: roulette, Crossover: uniform, Mutation: shuffle_indexes, Size population: 100, Probability mutation: 0.2, Probability crossover: 0.8, Number iteration: 150 "
min,random,uniform,shuffle_indexes,-0.690969557,-1.600921009,-1.888920297,8.626894628,12.16052386,"Grade strategy: min, Selection: random, Crossover: uniform, Mutation: shuffle_indexes, Size population: 100, Probability mutation: 0.2, Probability crossover: 0.8, Number iteration: 150 "
min,stochastic_universal_sampling,arithmetic,shuffle_indexes,-0.425749828,-1.545658032,-1.892148632,53.94298512,11.10209196,"Grade strategy: min, Selection: stochastic_universal_sampling, Crossover: arithmetic, Mutation: shuffle_indexes, Size population: 100, Probability mutation: 0.2, Probability crossover: 0.8, Number iteration: 150 "
min,worst,arithmetic,shuffle_indexes,-0.444309187,-1.449718818,-1.895198624,0.849909911,1.460561115,"Grade strategy: min, Selection: worst, Crossover: arithmetic, Mutation: shuffle_indexes, Size population: 100, Probability mutation: 0.2, Probability crossover: 0.8, Number iteration: 150 "
min,worst,one_point,flip_bit,-0.529572043,-1.643989329,-1.897460571,2.314833099,1.775839523,"Grade strategy: min, Selection: worst, Crossover: one_point, Mutation: flip_bit, Size population: 100, Probability mutation: 0.2, Probability crossover: 0.8, Number iteration: 150 "
min,best,one_point,flip_bit,-0.623908318,-1.634962739,-1.901783419,2.456130049,1.950725937,"Grade strategy: min, Selection: best, Crossover: one_point, Mutation: flip_bit, Size population: 100, Probability mutation: 0.2, Probability crossover: 0.8, Number iteration: 150 "
min,best,uniform,flip_bit,-0.546069755,-1.62875968,-1.903628738,2.63995248,1.948622192,"Grade strategy: min, Selection: best, Crossover: uniform, Mutation: flip_bit, Size population: 100, Probability mutation: 0.2, Probability crossover: 0.8, Number iteration: 150 "
min,worst,heuristic,shuffle_indexes,-0.463000669,-1.523150965,-1.904430765,3.523640817,8.210935437,"Grade strategy: min, Selection: worst, Crossover: heuristic, Mutation: shuffle_indexes, Size population: 100, Probability mutation: 0.2, Probability crossover: 0.8, Number iteration: 150 "
min,worst,uniform,flip_bit,-0.525046154,-1.609515622,-1.905394752,2.454877172,1.874890793,"Grade strategy: min, Selection: worst, Crossover: uniform, Mutation: flip_bit, Size population: 100, Probability mutation: 0.2, Probability crossover: 0.8, Number iteration: 150 "
min,stochastic_universal_sampling,uniform,gaussian,-0.498408993,-1.471534984,-1.905642356,545760.9968,64357.21936,"Grade strategy: min, Selection: stochastic_universal_sampling, Crossover: uniform, Mutation: gaussian, Size population: 100, Probability mutation: 0.2, Probability crossover: 0.8, Number iteration: 150 "
min,random,heuristic,flip_bit,-0.617283496,-1.567539128,-1.907271656,2.441094655,2.065411016,"Grade strategy: min, Selection: random, Crossover: heuristic, Mutation: flip_bit, Size population: 100, Probability mutation: 0.2, Probability crossover: 0.8, Number iteration: 150 "
min,best,uniform,shuffle_indexes,-0.525064595,-1.596988933,-1.907720379,4.22081602,9.986607036,"Grade strategy: min, Selection: best, Crossover: uniform, Mutation: shuffle_indexes, Size population: 100, Probability mutation: 0.2, Probability crossover: 0.8, Number iteration: 150 "
min,stochastic_universal_sampling,heuristic,shuffle_indexes,-0.530352159,-1.593250976,-1.908899389,38.94935702,8.038650631,"Grade strategy: min, Selection: stochastic_universal_sampling, Crossover: heuristic, Mutation: shuffle_indexes, Size population: 100, Probability mutation: 0.2, Probability crossover: 0.8, Number iteration: 150 "
min,worst,one_point,shuffle_indexes,-0.51363602,-1.495750124,-1.909724583,4.375057852,10.4821117,"Grade strategy: min, Selection: worst, Crossover: one_point, Mutation: shuffle_indexes, Size population: 100, Probability mutation: 0.2, Probability crossover: 0.8, Number iteration: 150 "
min,random,one_point,shuffle_indexes,-0.59930859,-1.562929402,-1.90993328,12.08304409,14.96187544,"Grade strategy: min, Selection: random, Crossover: one_point, Mutation: shuffle_indexes, Size population: 100, Probability mutation: 0.2, Probability crossover: 0.8, Number iteration: 150 "
min,random,arithmetic,flip_bit,-0.525498175,-1.505450637,-1.911057294,1.184891772,0.599605897,"Grade strategy: min, Selection: random, Crossover: arithmetic, Mutation: flip_bit, Size population: 100, Probability mutation: 0.2, Probability crossover: 0.8, Number iteration: 150 "
min,worst,arithmetic,flip_bit,-0.530238396,-1.571517334,-1.911495577,1.530749329,1.490022508,"Grade strategy: min, Selection: worst, Crossover: arithmetic, Mutation: flip_bit, Size population: 100, Probability mutation: 0.2, Probability crossover: 0.8, Number iteration: 150 "
min,best,one_point,shuffle_indexes,-0.521559112,-1.512525906,-1.911548557,4.288474031,9.982050499,"Grade strategy: min, Selection: best, Crossover: one_point, Mutation: shuffle_indexes, Size population: 100, Probability mutation: 0.2, Probability crossover: 0.8, Number iteration: 150 "
min,roulette,heuristic,flip_bit,-0.534397967,-1.564847937,-1.912285575,37.2919331,11.60758255,"Grade strategy: min, Selection: roulette, Crossover: heuristic, Mutation: flip_bit, Size population: 100, Probability mutation: 0.2, Probability crossover: 0.8, Number iteration: 150 "
min,worst,uniform,shuffle_indexes,-0.544800863,-1.522560883,-1.912410265,4.613284378,11.46223716,"Grade strategy: min, Selection: worst, Crossover: uniform, Mutation: shuffle_indexes, Size population: 100, Probability mutation: 0.2, Probability crossover: 0.8, Number iteration: 150 "
min,best,arithmetic,shuffle_indexes,-0.56421343,-1.538444352,-1.912529394,0.317796186,1.240922088,"Grade strategy: min, Selection: best, Crossover: arithmetic, Mutation: shuffle_indexes, Size population: 100, Probability mutation: 0.2, Probability crossover: 0.8, Number iteration: 150 "
min,tournament,one_point,shuffle_indexes,-0.568848819,-1.562082298,-1.912603277,-1.562985093,1.125511914,"Grade strategy: min, Selection: tournament, Crossover: one_point, Mutation: shuffle_indexes, Size population: 100, Probability mutation: 0.2, Probability crossover: 0.8, Number iteration: 150 "
min,tournament,arithmetic,flip_bit,-0.526229398,-1.539006769,-1.912689488,-1.575396818,0.944830164,"Grade strategy: min, Selection: tournament, Crossover: arithmetic, Mutation: flip_bit, Size population: 100, Probability mutation: 0.2, Probability crossover: 0.8, Number iteration: 150 "
min,best,arithmetic,flip_bit,-0.532385755,-1.532859802,-1.912852763,1.519559043,1.386680892,"Grade strategy: min, Selection: best, Crossover: arithmetic, Mutation: flip_bit, Size population: 100, Probability mutation: 0.2, Probability crossover: 0.8, Number iteration: 150 "
min,tournament,arithmetic,shuffle_indexes,-0.547197556,-1.547197496,-1.913222955,-1.465222982,1.261465739,"Grade strategy: min, Selection: tournament, Crossover: arithmetic, Mutation: shuffle_indexes, Size population: 100, Probability mutation: 0.2, Probability crossover: 0.8, Number iteration: 150 "
min,random,arithmetic,gaussian,-4.14704011,-4.481340923,-4.585876264,136.6918519,167.9900046,"Grade strategy: min, Selection: random, Crossover: arithmetic, Mutation: gaussian, Size population: 100, Probability mutation: 0.2, Probability crossover: 0.8, Number iteration: 150 "
min,stochastic_universal_sampling,one_point,gaussian,-9.237069364,-8.993883872,-6.990069101,547605.6081,60129.38643,"Grade strategy: min, Selection: stochastic_universal_sampling, Crossover: one_point, Mutation: gaussian, Size population: 100, Probability mutation: 0.2, Probability crossover: 0.8, Number iteration: 150 "
min,worst,arithmetic,gaussian,-8.966251007,-10.55855771,-10.03667178,313.4591895,1247.095119,"Grade strategy: min, Selection: worst, Crossover: arithmetic, Mutation: gaussian, Size population: 100, Probability mutation: 0.2, Probability crossover: 0.8, Number iteration: 150 "
min,best,arithmetic,gaussian,-13.11846023,-13.85011819,-14.37736356,187.887715,442.1428306,"Grade strategy: min, Selection: best, Crossover: arithmetic, Mutation: gaussian, Size population: 100, Probability mutation: 0.2, Probability crossover: 0.8, Number iteration: 150 "
min,roulette,one_point,gaussian,-14.85631833,-17.32299406,-14.6298902,297603.837,38291.89306,"Grade strategy: min, Selection: roulette, Crossover: one_point, Mutation: gaussian, Size population: 100, Probability mutation: 0.2, Probability crossover: 0.8, Number iteration: 150 "
min,random,uniform,gaussian,-22.56933309,-23.2109963,-23.73605226,4206.431776,6049.016998,"Grade strategy: min, Selection: random, Crossover: uniform, Mutation: gaussian, Size population: 100, Probability mutation: 0.2, Probability crossover: 0.8, Number iteration: 150 "
min,tournament,one_point,gaussian,-31.04085915,-31.5499714,-30.81574877,10.47639459,92.92766492,"Grade strategy: min, Selection: tournament, Crossover: one_point, Mutation: gaussian, Size population: 100, Probability mutation: 0.2, Probability crossover: 0.8, Number iteration: 150 "
min,random,one_point,gaussian,-31.76335911,-33.3858786,-32.92109848,1803.519153,2621.095482,"Grade strategy: min, Selection: random, Crossover: one_point, Mutation: gaussian, Size population: 100, Probability mutation: 0.2, Probability crossover: 0.8, Number iteration: 150 "
min,best,heuristic,gaussian,-36.95714725,-37.88400536,-36.88652419,2290.959329,4460.115728,"Grade strategy: min, Selection: best, Crossover: heuristic, Mutation: gaussian, Size population: 100, Probability mutation: 0.2, Probability crossover: 0.8, Number iteration: 150 "
min,worst,heuristic,gaussian,-37.89022927,-38.46295277,-38.81031549,2465.65508,3784.095989,"Grade strategy: min, Selection: worst, Crossover: heuristic, Mutation: gaussian, Size population: 100, Probability mutation: 0.2, Probability crossover: 0.8, Number iteration: 150 "
min,random,heuristic,gaussian,-37.53274716,-39.07199322,-38.94596454,955.6742608,1344.012625,"Grade strategy: min, Selection: random, Crossover: heuristic, Mutation: gaussian, Size population: 100, Probability mutation: 0.2, Probability crossover: 0.8, Number iteration: 150 "
min,worst,one_point,gaussian,-48.22610681,-50.23573842,-47.33318146,5122.590297,7666.081262,"Grade strategy: min, Selection: worst, Crossover: one_point, Mutation: gaussian, Size population: 100, Probability mutation: 0.2, Probability crossover: 0.8, Number iteration: 150 "
min,best,uniform,gaussian,-53.21647107,-52.8877317,-50.63475916,5796.903542,8671.276731,"Grade strategy: min, Selection: best, Crossover: uniform, Mutation: gaussian, Size population: 100, Probability mutation: 0.2, Probability crossover: 0.8, Number iteration: 150 "
min,worst,uniform,gaussian,-54.38675268,-55.41367888,-55.05417843,5878.619448,9006.515233,"Grade strategy: min, Selection: worst, Crossover: uniform, Mutation: gaussian, Size population: 100, Probability mutation: 0.2, Probability crossover: 0.8, Number iteration: 150 "
min,best,one_point,gaussian,-69.33618046,-72.15318613,-67.32574807,6509.812564,10314.49287,"Grade strategy: min, Selection: best, Crossover: one_point, Mutation: gaussian, Size population: 100, Probability mutation: 0.2, Probability crossover: 0.8, Number iteration: 150 "
min,tournament,uniform,gaussian,-78.41493855,-79.64510109,-79.80776901,-49.24585981,119.3782407,"Grade strategy: min, Selection: tournament, Crossover: uniform, Mutation: gaussian, Size population: 100, Probability mutation: 0.2, Probability crossover: 0.8, Number iteration: 150 "
min,tournament,heuristic,gaussian,-85.9774401,-86.50500505,-86.31846471,-45.06367756,128.7800053,"Grade strategy: min, Selection: tournament, Crossover: heuristic, Mutation: gaussian, Size population: 100, Probability mutation: 0.2, Probability crossover: 0.8, Number iteration: 150 "
min,tournament,arithmetic,gaussian,-91.15977011,-92.25059591,-92.62824332,-58.27026917,86.88315761,"Grade strategy: min, Selection: tournament, Crossover: arithmetic, Mutation: gaussian, Size population: 100, Probability mutation: 0.2, Probability crossover: 0.8, Number iteration: 150 "
min,lexicase,arithmetic,gaussian,-129.4316306,-130.1912858,-130.6577947,-108.7112964,83.23875162,"Grade strategy: min, Selection: lexicase, Crossover: arithmetic, Mutation: gaussian, Size population: 100, Probability mutation: 0.2, Probability crossover: 0.8, Number iteration: 150 "
min,lexicase,one_point,gaussian,-179.901039,-179.9722108,-180.060988,-148.9425619,105.0847198,"Grade strategy: min, Selection: lexicase, Crossover: one_point, Mutation: gaussian, Size population: 100, Probability mutation: 0.2, Probability crossover: 0.8, Number iteration: 150 "
min,lexicase,uniform,gaussian,-180.2705005,-180.8890148,-180.5575515,-150.3108059,104.471285,"Grade strategy: min, Selection: lexicase, Crossover: uniform, Mutation: gaussian, Size population: 100, Probability mutation: 0.2, Probability crossover: 0.8, Number iteration: 150 "
min,lexicase,heuristic,gaussian,-197.2445722,-199.2120537,-197.870028,-162.1897762,88.11039721,"Grade strategy: min, Selection: lexicase, Crossover: heuristic, Mutation: gaussian, Size population: 100, Probability mutation: 0.2, Probability crossover: 0.8, Number iteration: 150 "
